mode,causal
entry_z,2.0
exit_z,0.45
stop_z,3.4
beta,0.9006780200511311
alpha,183.42832171549472
z_window,252
cost_bps,12.0
adf_pvalue,0.0010500207347074362
adf_note,
train_ann_return,0.08804291818770409
train_ann_vol,0.08683562292511628
train_sharpe,1.01390322567996
train_max_drawdown,-0.10588454001955294
test_ann_return,0.09704329720522924
test_ann_vol,0.27766992085462244
test_sharpe,0.3494915722471699
test_max_drawdown,-0.27405317279267094
