bucket,fwd_cc,count
<=20,0.03193888593842664,36
20-80,0.0069170392769623045,128
>=80,0.017417706681975755,59
