bucket,fwd_c,count
<=20,-0.0034207765917135566,36
20-80,-0.0562225828635905,128
>=80,-0.013300217883762204,59
