bucket,fwd_spread_usd,count
<=20,0.03531681880855286,36
20-80,0.062234558824684906,128
>=80,0.0305513451891592,59
