entry_z,exit_z,stop_z,beta,alpha
1.5,0.75,3.4,0.9063758947365238,167.20604341509897
