entry_z,exit_z,stop_z,beta,alpha
2.0,0.45,3.4,0.9006401934768021,183.60012771466756
