mode,standard
entry_z,1.5
exit_z,0.75
stop_z,3.4
beta,0.9063758947365238
alpha,167.20604341509897
z_window,252
cost_bps,12.0
adf_pvalue,5.346558506249588e-09
adf_note,
train_ann_return,0.15936005354994542
train_ann_vol,0.10225208240311816
train_sharpe,1.5585017909139987
train_max_drawdown,-0.08845836781110217
test_ann_return,0.3398176867394083
test_ann_vol,0.27138589167209665
test_sharpe,1.2521567891598238
test_max_drawdown,-0.11335301409049503
